./new_dataset/leaf_healthy/lh_1.jpg,../dataset/leaves/healthy/hiren/20190908_104653.jpg
./new_dataset/leaf_healthy/lh_2.jpg,../dataset/leaves/healthy/hiren/20190908_111149.jpg
./new_dataset/leaf_healthy/lh_3.jpg,../dataset/leaves/healthy/hiren/20190908_111052.jpg
./new_dataset/leaf_healthy/lh_4.jpg,../dataset/leaves/healthy/hiren/20190908_111204.jpg
./new_dataset/leaf_healthy/lh_5.jpg,../dataset/leaves/healthy/hiren/20190907_140820.jpg
./new_dataset/leaf_healthy/lh_6.jpg,../dataset/leaves/healthy/hiren/20190908_102529.jpg
./new_dataset/leaf_healthy/lh_7.jpg,../dataset/leaves/healthy/hiren/20190908_103436.jpg
./new_dataset/leaf_healthy/lh_8.jpg,../dataset/leaves/healthy/hiren/20190908_111107.jpg
./new_dataset/leaf_healthy/lh_9.jpg,../dataset/leaves/healthy/hiren/20190908_105329.jpg
./new_dataset/leaf_healthy/lh_10.jpg,../dataset/leaves/healthy/hiren/20190908_102304.jpg
./new_dataset/leaf_healthy/lh_11.jpg,../dataset/leaves/healthy/hiren/20190907_140118.jpg
./new_dataset/leaf_healthy/lh_12.jpg,../dataset/leaves/healthy/hiren/20190908_104315.jpg
./new_dataset/leaf_healthy/lh_13.jpg,../dataset/leaves/healthy/hiren/20190908_104526.jpg
./new_dataset/leaf_healthy/lh_14.jpg,../dataset/leaves/healthy/hiren/20190908_101937.jpg
./new_dataset/leaf_healthy/lh_15.jpg,../dataset/leaves/healthy/hiren/20190908_105418.jpg
./new_dataset/leaf_healthy/lh_16.jpg,../dataset/leaves/healthy/hiren/20190908_104410.jpg
./new_dataset/leaf_healthy/lh_17.jpg,../dataset/leaves/healthy/hiren/20190908_103652.jpg
./new_dataset/leaf_healthy/lh_18.jpg,../dataset/leaves/healthy/hiren/20190908_102011.jpg
./new_dataset/leaf_healthy/lh_19.jpg,../dataset/leaves/healthy/hiren/20190908_111329.jpg
./new_dataset/leaf_healthy/lh_20.jpg,../dataset/leaves/healthy/hiren/20190907_140414.jpg
./new_dataset/leaf_healthy/lh_21.jpg,../dataset/leaves/healthy/hiren/20190908_105914.jpg
./new_dataset/leaf_healthy/lh_22.jpg,../dataset/leaves/healthy/hiren/20190907_140626.jpg
./new_dataset/leaf_healthy/lh_23.jpg,../dataset/leaves/healthy/hiren/20190908_104354.jpg
./new_dataset/leaf_healthy/lh_24.jpg,../dataset/leaves/healthy/hiren/20190908_101329.jpg
./new_dataset/leaf_healthy/lh_25.jpg,../dataset/leaves/healthy/hiren/20190908_102048.jpg
./new_dataset/leaf_healthy/lh_26.jpg,../dataset/leaves/healthy/hiren/20190908_110847.jpg
./new_dataset/leaf_healthy/lh_27.jpg,../dataset/leaves/healthy/hiren/20190908_104721.jpg
./new_dataset/leaf_healthy/lh_28.jpg,../dataset/leaves/healthy/hiren/20190908_105435.jpg
./new_dataset/leaf_healthy/lh_29.jpg,../dataset/leaves/healthy/hiren/20190908_110913.jpg
./new_dataset/leaf_healthy/lh_30.jpg,../dataset/leaves/healthy/hiren/20190908_101610.jpg
./new_dataset/leaf_healthy/lh_31.jpg,../dataset/leaves/healthy/hiren/20190908_111417.jpg
./new_dataset/leaf_healthy/lh_32.jpg,../dataset/leaves/healthy/hiren/20190908_104147.jpg
./new_dataset/leaf_healthy/lh_33.jpg,../dataset/leaves/healthy/hiren/20190908_103515.jpg
./new_dataset/leaf_healthy/lh_34.jpg,../dataset/leaves/healthy/hiren/20190908_104625.jpg
./new_dataset/leaf_healthy/lh_35.jpg,../dataset/leaves/healthy/hiren/20190908_105928.jpg
./new_dataset/leaf_healthy/lh_36.jpg,../dataset/leaves/healthy/hiren/20190908_111027.jpg
./new_dataset/leaf_healthy/lh_37.jpg,../dataset/leaves/healthy/hiren/20190908_105343.jpg
./new_dataset/leaf_healthy/lh_38.jpg,../dataset/leaves/healthy/hiren/20190908_101819.jpg
./new_dataset/leaf_healthy/lh_39.jpg,../dataset/leaves/healthy/hiren/20190907_140136.jpg
./new_dataset/leaf_healthy/lh_40.jpg,../dataset/leaves/healthy/hiren/20190908_102600.jpg
./new_dataset/leaf_healthy/lh_41.jpg,../dataset/leaves/healthy/hiren/20190908_102953.jpg
./new_dataset/leaf_healthy/lh_42.jpg,../dataset/leaves/healthy/hiren/20190908_103449.jpg
./new_dataset/leaf_healthy/lh_43.jpg,../dataset/leaves/healthy/hiren/20190908_111119.jpg
./new_dataset/leaf_healthy/lh_44.jpg,../dataset/leaves/healthy/hiren/20190908_105637.jpg
./new_dataset/leaf_healthy/lh_45.jpg,../dataset/leaves/healthy/hiren/20190908_104136.jpg
./new_dataset/leaf_healthy/lh_46.jpg,../dataset/leaves/healthy/hiren/20190908_105528.jpg
./new_dataset/leaf_healthy/lh_47.jpg,../dataset/leaves/healthy/hiren/20190908_102700.jpg
./new_dataset/leaf_healthy/lh_48.jpg,../dataset/leaves/healthy/hiren/20190908_102545.jpg
./new_dataset/leaf_healthy/lh_49.jpg,../dataset/leaves/healthy/hiren/20190908_101953.jpg
./new_dataset/leaf_healthy/lh_50.jpg,../dataset/leaves/healthy/hiren/20190908_102655.jpg
./new_dataset/leaf_healthy/lh_51.jpg,../dataset/leaves/healthy/hiren/20190908_102234.jpg
./new_dataset/leaf_healthy/lh_52.jpg,../dataset/leaves/healthy/hiren/20190908_110047.jpg
./new_dataset/leaf_healthy/lh_53.jpg,../dataset/leaves/healthy/hiren/20190908_111230.jpg
./new_dataset/leaf_healthy/lh_54.jpg,../dataset/leaves/healthy/hiren/20190908_104059.jpg
./new_dataset/leaf_healthy/lh_55.jpg,../dataset/leaves/healthy/hiren/20190908_102618.jpg
./new_dataset/leaf_healthy/lh_56.jpg,../dataset/leaves/healthy/hiren/20190908_102832.jpg
./new_dataset/leaf_healthy/lh_57.jpg,../dataset/leaves/healthy/hiren/20190908_105311.jpg
./new_dataset/leaf_healthy/lh_58.jpg,../dataset/leaves/healthy/hiren/20190908_103330.jpg
./new_dataset/leaf_healthy/lh_59.jpg,../dataset/leaves/healthy/hiren/20190908_105122.jpg
./new_dataset/leaf_healthy/lh_60.jpg,../dataset/leaves/healthy/hiren/20190908_105507.jpg
./new_dataset/leaf_healthy/lh_61.jpg,../dataset/leaves/healthy/hiren/20190908_110239.jpg
./new_dataset/leaf_healthy/lh_62.jpg,../dataset/leaves/healthy/hiren/20190908_104703.jpg
./new_dataset/leaf_healthy/lh_63.jpg,../dataset/leaves/healthy/hiren/20190908_103909.jpg
./new_dataset/leaf_healthy/lh_64.jpg,../dataset/leaves/healthy/hiren/20190908_101802.jpg
./new_dataset/leaf_healthy/lh_65.jpg,../dataset/leaves/healthy/hiren/20190908_111307.jpg
./new_dataset/leaf_healthy/lh_66.jpg,../dataset/leaves/healthy/hiren/20190908_101643.jpg
./new_dataset/leaf_healthy/lh_67.jpg,../dataset/leaves/healthy/hiren/20190908_103721.jpg
./new_dataset/leaf_healthy/lh_68.jpg,../dataset/leaves/healthy/hiren/20190908_102634.jpg
./new_dataset/leaf_healthy/lh_69.jpg,../dataset/leaves/healthy/hiren/20190908_102719.jpg
./new_dataset/leaf_healthy/lh_70.jpg,../dataset/leaves/healthy/hiren/20190908_102811.jpg
./new_dataset/leaf_healthy/lh_71.jpg,../dataset/leaves/healthy/hiren/20190908_102852.jpg
./new_dataset/leaf_healthy/lh_72.jpg,../dataset/leaves/healthy/hiren/20190907_140313.jpg
./new_dataset/leaf_healthy/lh_73.jpg,../dataset/leaves/healthy/hiren/20190907_140427.jpg
./new_dataset/leaf_healthy/lh_74.jpg,../dataset/leaves/healthy/hiren/20190908_101742.jpg
./new_dataset/leaf_healthy/lh_75.jpg,../dataset/leaves/healthy/hiren/20190908_110204.jpg
./new_dataset/leaf_healthy/lh_76.jpg,../dataset/leaves/healthy/hiren/20190908_105856.jpg
./new_dataset/leaf_healthy/lh_77.jpg,../dataset/leaves/healthy/hiren/20190908_105247.jpg
./new_dataset/leaf_healthy/lh_78.jpg,../dataset/leaves/healthy/hiren/20190908_101727.jpg
./new_dataset/leaf_healthy/lh_79.jpg,../dataset/leaves/healthy/hiren/20190908_105153.jpg
./new_dataset/leaf_healthy/lh_80.jpg,../dataset/leaves/healthy/hiren/20190908_105725.jpg
./new_dataset/leaf_healthy/lh_81.jpg,../dataset/leaves/healthy/hiren/20190908_105744.jpg
./new_dataset/leaf_healthy/lh_82.jpg,../dataset/leaves/healthy/hiren/20190908_104512.jpg
./new_dataset/leaf_healthy/lh_83.jpg,../dataset/leaves/healthy/hiren/20190908_110001.jpg
./new_dataset/leaf_healthy/lh_84.jpg,../dataset/leaves/healthy/hiren/20190908_111247.jpg
./new_dataset/leaf_healthy/lh_85.jpg,../dataset/leaves/healthy/hiren/20190908_101424.jpg
./new_dataset/leaf_healthy/lh_86.jpg,../dataset/leaves/healthy/hiren/20190908_104042.jpg
./new_dataset/leaf_healthy/lh_87.jpg,../dataset/leaves/healthy/hiren/20190908_103737.jpg
./new_dataset/leaf_healthy/lh_88.jpg,../dataset/leaves/healthy/hiren/20190908_110222.jpg
./new_dataset/leaf_healthy/lh_89.jpg,../dataset/leaves/healthy/hiren/20190908_111355.jpg
./new_dataset/leaf_healthy/lh_90.jpg,../dataset/leaves/healthy/hiren/20190908_102943.jpg
./new_dataset/leaf_healthy/lh_91.jpg,../dataset/leaves/healthy/hiren/20190908_102107.jpg
./new_dataset/leaf_healthy/lh_92.jpg,../dataset/leaves/healthy/hiren/20190908_105755.jpg
./new_dataset/leaf_healthy/lh_93.jpg,../dataset/leaves/healthy/hiren/20190908_103406.jpg
./new_dataset/leaf_healthy/lh_94.jpg,../dataset/leaves/healthy/hiren/20190908_105205.jpg
./new_dataset/leaf_healthy/lh_95.jpg,../dataset/leaves/healthy/hiren/20190908_105456.jpg
./new_dataset/leaf_healthy/lh_96.jpg,../dataset/leaves/healthy/hiren/20190908_104613.jpg
./new_dataset/leaf_healthy/lh_97.jpg,../dataset/leaves/healthy/hiren/20190908_102512.jpg
./new_dataset/leaf_healthy/lh_98.jpg,../dataset/leaves/healthy/hiren/20190908_102759.jpg
./new_dataset/leaf_healthy/lh_99.jpg,../dataset/leaves/healthy/hiren/20190908_103500.jpg
./new_dataset/leaf_healthy/lh_100.jpg,../dataset/leaves/healthy/hiren/20190908_102354.jpg
./new_dataset/leaf_healthy/lh_101.jpg,../dataset/leaves/healthy/hiren/20190908_104032.jpg
./new_dataset/leaf_healthy/lh_102.jpg,../dataset/leaves/healthy/hiren/20190908_102425.jpg
./new_dataset/leaf_healthy/lh_103.jpg,../dataset/leaves/healthy/hiren/20190908_101140.jpg
./new_dataset/leaf_healthy/lh_104.jpg,../dataset/leaves/healthy/hiren/20190908_111004.jpg
./new_dataset/leaf_healthy/lh_105.jpg,../dataset/leaves/healthy/hiren/20190908_105110.jpg
./new_dataset/leaf_healthy/lh_106.jpg,../dataset/leaves/healthy/hiren/20190908_104442.jpg
./new_dataset/leaf_healthy/lh_107.jpg,../dataset/leaves/healthy/hiren/20190908_110859.jpg
./new_dataset/leaf_healthy/lh_108.jpg,../dataset/leaves/healthy/hiren/20190908_110833.jpg
./new_dataset/leaf_healthy/lh_109.jpg,../dataset/leaves/healthy/hiren/20190908_102454.jpg
./new_dataset/leaf_healthy/lh_110.jpg,../dataset/leaves/healthy/hiren/20190908_111344.jpg
./new_dataset/leaf_healthy/lh_111.jpg,../dataset/leaves/healthy/hiren/20190908_110126.jpg
./new_dataset/leaf_healthy/lh_112.jpg,../dataset/leaves/healthy/hiren/20190908_104115.jpg
./new_dataset/leaf_healthy/lh_113.jpg,../dataset/leaves/healthy/hiren/20190908_102905.jpg
./new_dataset/leaf_healthy/lh_114.jpg,../dataset/leaves/healthy/hiren/20190908_103931.jpg
./new_dataset/leaf_healthy/lh_115.jpg,../dataset/leaves/healthy/hiren/20190908_105624.jpg
./new_dataset/leaf_healthy/lh_116.jpg,../dataset/leaves/healthy/hiren/20190908_103754.jpg
./new_dataset/leaf_healthy/lh_116.jpg,../dataset/leaves/healthy/hiren/20190908_103754.jpg
./new_dataset/leaf_healthy/lh_117.jpg,../dataset/leaves/healthy/hiren/20190908_103529.jpg
./new_dataset/leaf_healthy/lh_118.jpg,../dataset/leaves/healthy/hiren/20190908_101858.jpg
./new_dataset/leaf_healthy/lh_119.jpg,../dataset/leaves/healthy/hiren/20190908_102159.jpg
./new_dataset/leaf_healthy/lh_120.jpg,../dataset/leaves/healthy/hiren/20190908_103420.jpg
./new_dataset/leaf_healthy/lh_121.jpg,../dataset/leaves/healthy/hiren/20190908_110326.jpg
./new_dataset/leaf_healthy/lh_122.jpg,../dataset/leaves/healthy/hiren/20190908_105810.jpg
./new_dataset/leaf_healthy/lh_123.jpg,../dataset/leaves/healthy/hiren/20190908_105236.jpg
./new_dataset/leaf_healthy/lh_124.jpg,../dataset/leaves/healthy/hiren/20190907_140348.jpg
./new_dataset/leaf_healthy/lh_125.jpg,../dataset/leaves/healthy/hiren/20190908_110945.jpg
./new_dataset/leaf_healthy/lh_126.jpg,../dataset/leaves/healthy/manan/20190908_101816(0).jpg
./new_dataset/leaf_healthy/lh_127.jpg,../dataset/leaves/healthy/manan/20190907_135549.jpg
./new_dataset/leaf_healthy/lh_128.jpg,../dataset/leaves/healthy/manan/20190907_135318.jpg
./new_dataset/leaf_healthy/lh_129.jpg,../dataset/leaves/healthy/manan/20190908_102410.jpg
./new_dataset/leaf_healthy/lh_130.jpg,../dataset/leaves/healthy/manan/20190908_102627.jpg
./new_dataset/leaf_healthy/lh_131.jpg,../dataset/leaves/healthy/manan/20190907_135551.jpg
./new_dataset/leaf_healthy/lh_132.jpg,../dataset/leaves/healthy/manan/20190908_101903.jpg
./new_dataset/leaf_healthy/lh_133.jpg,../dataset/leaves/healthy/manan/20190907_135748.jpg
./new_dataset/leaf_healthy/lh_134.jpg,../dataset/leaves/healthy/manan/20190908_101715.jpg
./new_dataset/leaf_healthy/lh_135.jpg,../dataset/leaves/healthy/manan/20190908_102742.jpg
./new_dataset/leaf_healthy/lh_136.jpg,../dataset/leaves/healthy/manan/20190908_102742.jpg
./new_dataset/leaf_healthy/lh_137.jpg,../dataset/leaves/healthy/manan/20190908_101608.jpg
./new_dataset/leaf_healthy/lh_138.jpg,../dataset/leaves/healthy/manan/20190908_101644.jpg
./new_dataset/leaf_healthy/lh_139.jpg,../dataset/leaves/healthy/manan/20190907_140135.jpg
./new_dataset/leaf_healthy/lh_140.jpg,../dataset/leaves/healthy/manan/20190907_135108.jpg
./new_dataset/leaf_healthy/lh_141.jpg,../dataset/leaves/healthy/manan/20190908_101659.jpg
./new_dataset/leaf_healthy/lh_142.jpg,../dataset/leaves/healthy/manan/20190908_102528.jpg
./new_dataset/leaf_healthy/lh_143.jpg,../dataset/leaves/healthy/manan/20190907_135153.jpg
./new_dataset/leaf_healthy/lh_144.jpg,../dataset/leaves/healthy/manan/20190908_103200.jpg
./new_dataset/leaf_healthy/lh_145.jpg,../dataset/leaves/healthy/manan/20190908_101240.jpg
./new_dataset/leaf_healthy/lh_146.jpg,../dataset/leaves/healthy/manan/20190907_135432.jpg
./new_dataset/leaf_healthy/lh_147.jpg,../dataset/leaves/healthy/manan/20190908_103739.jpg
./new_dataset/leaf_healthy/lh_148.jpg,../dataset/leaves/healthy/manan/20190908_103059.jpg
./new_dataset/leaf_healthy/lh_149.jpg,../dataset/leaves/healthy/manan/20190908_102628.jpg
./new_dataset/leaf_healthy/lh_150.jpg,../dataset/leaves/healthy/manan/20190908_103639.jpg
./new_dataset/leaf_healthy/lh_151.jpg,../dataset/leaves/healthy/manan/20190908_103704.jpg
./new_dataset/leaf_healthy/lh_152.jpg,../dataset/leaves/healthy/manan/20190908_102005.jpg
./new_dataset/leaf_healthy/lh_153.jpg,../dataset/leaves/healthy/manan/20190907_135218.jpg
./new_dataset/leaf_healthy/lh_154.jpg,../dataset/leaves/healthy/manan/20190907_140759.jpg
./new_dataset/leaf_healthy/lh_155.jpg,../dataset/leaves/healthy/manan/20190907_140513.jpg
./new_dataset/leaf_healthy/lh_156.jpg,../dataset/leaves/healthy/manan/20190908_101534.jpg
./new_dataset/leaf_healthy/lh_157.jpg,../dataset/leaves/healthy/manan/20190908_103611.jpg
./new_dataset/leaf_healthy/lh_158.jpg,../dataset/leaves/healthy/manan/20190907_135224.jpg
./new_dataset/leaf_healthy/lh_159.jpg,../dataset/leaves/healthy/manan/20190908_103516.jpg
./new_dataset/leaf_healthy/lh_160.jpg,../dataset/leaves/healthy/manan/20190908_103123.jpg
./new_dataset/leaf_healthy/lh_161.jpg,../dataset/leaves/healthy/manan/20190908_102003.jpg
./new_dataset/leaf_healthy/lh_162.jpg,../dataset/leaves/healthy/manan/20190908_103158.jpg
./new_dataset/leaf_healthy/lh_163.jpg,../dataset/leaves/healthy/manan/20190908_101416.jpg
./new_dataset/leaf_healthy/lh_164.jpg,../dataset/leaves/healthy/manan/20190908_103549.jpg
./new_dataset/leaf_healthy/lh_165.jpg,../dataset/leaves/healthy/manan/20190908_103706.jpg
./new_dataset/leaf_healthy/lh_166.jpg,../dataset/leaves/healthy/manan/20190908_101640.jpg
./new_dataset/leaf_healthy/lh_167.jpg,../dataset/leaves/healthy/manan/20190908_103740.jpg
./new_dataset/leaf_healthy/lh_168.jpg,../dataset/leaves/healthy/manan/20190907_141002.jpg
./new_dataset/leaf_healthy/lh_169.jpg,../dataset/leaves/healthy/manan/20190908_103319.jpg
./new_dataset/leaf_healthy/lh_170.jpg,../dataset/leaves/healthy/manan/20190908_101815.jpg
./new_dataset/leaf_healthy/lh_171.jpg,../dataset/leaves/healthy/manan/20190907_135438.jpg
./new_dataset/leaf_healthy/lh_172.jpg,../dataset/leaves/healthy/manan/20190907_140106.jpg
./new_dataset/leaf_healthy/lh_173.jpg,../dataset/leaves/healthy/manan/20190908_103238.jpg
./new_dataset/leaf_healthy/lh_174.jpg,../dataset/leaves/healthy/manan/20190908_102031.jpg
./new_dataset/leaf_healthy/lh_175.jpg,../dataset/leaves/healthy/manan/20190908_103210.jpg
./new_dataset/leaf_healthy/lh_176.jpg,../dataset/leaves/healthy/manan/20190907_135117(0).jpg
./new_dataset/leaf_healthy/lh_177.jpg,../dataset/leaves/healthy/manan/20190908_101346.jpg
./new_dataset/leaf_healthy/lh_178.jpg,../dataset/leaves/healthy/manan/20190908_103334.jpg
./new_dataset/leaf_healthy/lh_179.jpg,../dataset/leaves/healthy/manan/20190907_140149.jpg
./new_dataset/leaf_healthy/lh_180.jpg,../dataset/leaves/healthy/manan/20190907_140744.jpg
./new_dataset/leaf_healthy/lh_181.jpg,../dataset/leaves/healthy/manan/20190908_101816.jpg
./new_dataset/leaf_healthy/lh_182.jpg,../dataset/leaves/healthy/manan/20190908_102434.jpg
./new_dataset/leaf_healthy/lh_183.jpg,../dataset/leaves/healthy/manan/20190907_140743.jpg
./new_dataset/leaf_healthy/lh_184.jpg,../dataset/leaves/healthy/manan/20190907_140145.jpg
./new_dataset/leaf_healthy/lh_185.jpg,../dataset/leaves/healthy/manan/20190908_102532.jpg
./new_dataset/leaf_healthy/lh_186.jpg,../dataset/leaves/healthy/manan/20190907_135103.jpg
./new_dataset/leaf_healthy/lh_187.jpg,../dataset/leaves/healthy/manan/20190908_101700.jpg
./new_dataset/leaf_healthy/lh_188.jpg,../dataset/leaves/healthy/manan/20190907_135245.jpg
./new_dataset/leaf_healthy/lh_189.jpg,../dataset/leaves/healthy/manan/20190907_140515.jpg
./new_dataset/leaf_healthy/lh_190.jpg,../dataset/leaves/healthy/manan/20190908_102032.jpg
./new_dataset/leaf_healthy/lh_191.jpg,../dataset/leaves/healthy/manan/20190907_135117.jpg
./new_dataset/leaf_healthy/lh_192.jpg,../dataset/leaves/healthy/manan/20190908_101333.jpg
./new_dataset/leaf_healthy/lh_193.jpg,../dataset/leaves/healthy/manan/20190908_102719.jpg
./new_dataset/leaf_healthy/lh_194.jpg,../dataset/leaves/healthy/manan/20190907_135627.jpg
./new_dataset/leaf_healthy/lh_195.jpg,../dataset/leaves/healthy/manan/20190908_102740.jpg
./new_dataset/leaf_healthy/lh_196.jpg,../dataset/leaves/healthy/manan/20190907_140237.jpg
./new_dataset/leaf_healthy/lh_197.jpg,../dataset/leaves/healthy/manan/20190907_140313.jpg
./new_dataset/leaf_healthy/lh_198.jpg,../dataset/leaves/healthy/manan/20190908_103640.jpg
./new_dataset/leaf_healthy/lh_199.jpg,../dataset/leaves/healthy/manan/20190907_135619.jpg
./new_dataset/leaf_healthy/lh_200.jpg,../dataset/leaves/healthy/manan/20190907_141000.jpg
./new_dataset/leaf_healthy/lh_201.jpg,../dataset/leaves/healthy/manan/20190908_102742(0).jpg
./new_dataset/leaf_healthy/lh_202.jpg,../dataset/leaves/healthy/manan/20190908_103101.jpg
./new_dataset/leaf_healthy/lh_203.jpg,../dataset/leaves/healthy/manan/20190907_140946.jpg
./new_dataset/leaf_healthy/lh_204.jpg,../dataset/leaves/healthy/manan/20190908_103723.jpg
./new_dataset/leaf_healthy/lh_205.jpg,../dataset/leaves/healthy/manan/20190907_135718.jpg
./new_dataset/leaf_healthy/lh_206.jpg,../dataset/leaves/healthy/manan/20190907_135141.jpg
./new_dataset/leaf_healthy/lh_207.jpg,../dataset/leaves/healthy/manan/20190908_103637.jpg
./new_dataset/leaf_healthy/lh_208.jpg,../dataset/leaves/healthy/manan/20190908_103716.jpg
./new_dataset/leaf_healthy/lh_209.jpg,../dataset/leaves/healthy/manan/20190908_103125.jpg
./new_dataset/leaf_healthy/lh_210.jpg,../dataset/leaves/healthy/manan/20190907_135418.jpg
./new_dataset/leaf_healthy/lh_211.jpg,../dataset/leaves/healthy/manan/20190908_102055.jpg
./new_dataset/leaf_healthy/lh_212.jpg,../dataset/leaves/healthy/manan/20190908_101604.jpg
./new_dataset/leaf_healthy/lh_213.jpg,../dataset/leaves/healthy/manan/20190908_102301.jpg
./new_dataset/leaf_healthy/lh_214.jpg,../dataset/leaves/healthy/manan/20190907_140440.jpg
./new_dataset/leaf_healthy/lh_215.jpg,../dataset/leaves/healthy/manan/20190908_102542.jpg
./new_dataset/leaf_healthy/lh_216.jpg,../dataset/leaves/healthy/manan/20190907_135131.jpg
./new_dataset/leaf_healthy/lh_217.jpg,../dataset/leaves/healthy/manan/20190908_102305.jpg
./new_dataset/leaf_healthy/lh_218.jpg,../dataset/leaves/healthy/manan/20190908_102101.jpg
./new_dataset/leaf_healthy/lh_219.jpg,../dataset/leaves/healthy/manan/20190908_103026.jpg
./new_dataset/leaf_healthy/lh_220.jpg,../dataset/leaves/healthy/manan/20190908_101341.jpg
./new_dataset/leaf_healthy/lh_221.jpg,../dataset/leaves/healthy/manan/20190907_135517.jpg
./new_dataset/leaf_healthy/lh_222.jpg,../dataset/leaves/healthy/manan/20190908_103517.jpg
./new_dataset/leaf_healthy/lh_223.jpg,../dataset/leaves/healthy/manan/20190908_103612.jpg
./new_dataset/leaf_healthy/lh_224.jpg,../dataset/leaves/healthy/manan/20190908_101905.jpg
./new_dataset/leaf_healthy/lh_225.jpg,../dataset/leaves/healthy/manan/20190908_103321.jpg
./new_dataset/leaf_healthy/lh_226.jpg,../dataset/leaves/healthy/manan/20190908_101934.jpg
./new_dataset/leaf_healthy/lh_227.jpg,../dataset/leaves/healthy/manan/20190907_135750.jpg
./new_dataset/leaf_healthy/lh_228.jpg,../dataset/leaves/healthy/manan/20190908_103529.jpg
./new_dataset/leaf_healthy/lh_229.jpg,../dataset/leaves/healthy/manan/20190908_103335.jpg
./new_dataset/leaf_healthy/lh_230.jpg,../dataset/leaves/healthy/manan/20190907_135605.jpg
./new_dataset/leaf_healthy/lh_231.jpg,../dataset/leaves/healthy/manan/20190907_135515.jpg
./new_dataset/leaf_healthy/lh_232.jpg,../dataset/leaves/healthy/manan/20190907_135307.jpg
./new_dataset/leaf_healthy/lh_233.jpg,../dataset/leaves/healthy/manan/20190907_140145(0).jpg
./new_dataset/leaf_healthy/lh_234.jpg,../dataset/leaves/healthy/manan/20190908_103328.jpg
./new_dataset/leaf_healthy/lh_235.jpg,../dataset/leaves/healthy/manan/20190907_140323.jpg
./new_dataset/leaf_diseased/ld_1.jpg,../dataset/leaves/diseased/hiren/20190908_132501.jpg
./new_dataset/leaf_diseased/ld_2.jpg,../dataset/leaves/diseased/hiren/20190908_130115.jpg
./new_dataset/leaf_diseased/ld_3.jpg,../dataset/leaves/diseased/hiren/20190908_135648.jpg
./new_dataset/leaf_diseased/ld_4.jpg,../dataset/leaves/diseased/hiren/20190908_135703.jpg
./new_dataset/leaf_diseased/ld_5.jpg,../dataset/leaves/diseased/hiren/20190908_124431.jpg
./new_dataset/leaf_diseased/ld_6.jpg,../dataset/leaves/diseased/hiren/20190908_125355.jpg
./new_dataset/leaf_diseased/ld_7.jpg,../dataset/leaves/diseased/hiren/20190908_134351.jpg
./new_dataset/leaf_diseased/ld_8.jpg,../dataset/leaves/diseased/hiren/20190908_131709.jpg
./new_dataset/leaf_diseased/ld_9.jpg,../dataset/leaves/diseased/hiren/20190908_132016.jpg
./new_dataset/leaf_diseased/ld_10.jpg,../dataset/leaves/diseased/hiren/20190908_133757.jpg
./new_dataset/leaf_diseased/ld_11.jpg,../dataset/leaves/diseased/hiren/20190908_132208.jpg
./new_dataset/leaf_diseased/ld_12.jpg,../dataset/leaves/diseased/hiren/20190908_134534.jpg
./new_dataset/leaf_diseased/ld_13.jpg,../dataset/leaves/diseased/hiren/20190908_140250.jpg
./new_dataset/leaf_diseased/ld_14.jpg,../dataset/leaves/diseased/hiren/20190908_140608.jpg
./new_dataset/leaf_diseased/ld_15.jpg,../dataset/leaves/diseased/hiren/20190908_135456.jpg
./new_dataset/leaf_diseased/ld_16.jpg,../dataset/leaves/diseased/hiren/20190908_134426.jpg
./new_dataset/leaf_diseased/ld_17.jpg,../dataset/leaves/diseased/hiren/20190908_125936.jpg
./new_dataset/leaf_diseased/ld_18.jpg,../dataset/leaves/diseased/hiren/20190908_133727.jpg
./new_dataset/leaf_diseased/ld_19.jpg,../dataset/leaves/diseased/hiren/20190908_125537.jpg
./new_dataset/leaf_diseased/ld_20.jpg,../dataset/leaves/diseased/hiren/20190908_133845.jpg
./new_dataset/leaf_diseased/ld_21.jpg,../dataset/leaves/diseased/hiren/20190908_135715.jpg
./new_dataset/leaf_diseased/ld_22.jpg,../dataset/leaves/diseased/hiren/20190908_140204.jpg
./new_dataset/leaf_diseased/ld_23.jpg,../dataset/leaves/diseased/hiren/20190908_134342.jpg
./new_dataset/leaf_diseased/ld_24.jpg,../dataset/leaves/diseased/hiren/20190908_125519.jpg
./new_dataset/leaf_diseased/ld_25.jpg,../dataset/leaves/diseased/hiren/20190908_132608.jpg
./new_dataset/leaf_diseased/ld_26.jpg,../dataset/leaves/diseased/hiren/20190908_133707.jpg
./new_dataset/leaf_diseased/ld_27.jpg,../dataset/leaves/diseased/hiren/20190908_131657.jpg
./new_dataset/leaf_diseased/ld_28.jpg,../dataset/leaves/diseased/hiren/20190908_131657.jpg
./new_dataset/leaf_diseased/ld_29.jpg,../dataset/leaves/diseased/hiren/20190908_133959.jpg
./new_dataset/leaf_diseased/ld_30.jpg,../dataset/leaves/diseased/hiren/20190908_131636.jpg
./new_dataset/leaf_diseased/ld_31.jpg,../dataset/leaves/diseased/hiren/20190908_125051.jpg
./new_dataset/leaf_diseased/ld_32.jpg,../dataset/leaves/diseased/hiren/20190908_135602.jpg
./new_dataset/leaf_diseased/ld_33.jpg,../dataset/leaves/diseased/hiren/20190908_135619.jpg
./new_dataset/leaf_diseased/ld_34.jpg,../dataset/leaves/diseased/hiren/20190908_133917.jpg
./new_dataset/leaf_diseased/ld_35.jpg,../dataset/leaves/diseased/hiren/20190908_133653.jpg
./new_dataset/leaf_diseased/ld_36.jpg,../dataset/leaves/diseased/hiren/20190908_132326.jpg
./new_dataset/leaf_diseased/ld_37.jpg,../dataset/leaves/diseased/hiren/20190908_124743.jpg
./new_dataset/leaf_diseased/ld_38.jpg,../dataset/leaves/diseased/hiren/20190908_125158.jpg
./new_dataset/leaf_diseased/ld_39.jpg,../dataset/leaves/diseased/hiren/20190908_125019.jpg
./new_dataset/leaf_diseased/ld_40.jpg,../dataset/leaves/diseased/hiren/20190908_140346.jpg
./new_dataset/leaf_diseased/ld_41.jpg,../dataset/leaves/diseased/hiren/20190908_132246.jpg
./new_dataset/leaf_diseased/ld_42.jpg,../dataset/leaves/diseased/hiren/20190908_134450.jpg
./new_dataset/leaf_diseased/ld_43.jpg,../dataset/leaves/diseased/hiren/20190908_125757.jpg
./new_dataset/leaf_diseased/ld_44.jpg,../dataset/leaves/diseased/hiren/20190908_140103.jpg
./new_dataset/leaf_diseased/ld_45.jpg,../dataset/leaves/diseased/hiren/20190908_125652.jpg
./new_dataset/leaf_diseased/ld_46.jpg,../dataset/leaves/diseased/hiren/20190908_132126.jpg
./new_dataset/leaf_diseased/ld_47.jpg,../dataset/leaves/diseased/hiren/20190908_135733.jpg
./new_dataset/leaf_diseased/ld_48.jpg,../dataset/leaves/diseased/hiren/20190908_124816.jpg
./new_dataset/leaf_diseased/ld_49.jpg,../dataset/leaves/diseased/hiren/20190908_132801.jpg
./new_dataset/leaf_diseased/ld_50.jpg,../dataset/leaves/diseased/hiren/20190908_134234.jpg
./new_dataset/leaf_diseased/ld_51.jpg,../dataset/leaves/diseased/hiren/20190908_140539.jpg
./new_dataset/leaf_diseased/ld_52.jpg,../dataset/leaves/diseased/hiren/20190908_140107.jpg
./new_dataset/leaf_diseased/ld_53.jpg,../dataset/leaves/diseased/hiren/20190908_134438.jpg
./new_dataset/leaf_diseased/ld_54.jpg,../dataset/leaves/diseased/hiren/20190908_131451.jpg
./new_dataset/leaf_diseased/ld_55.jpg,../dataset/leaves/diseased/hiren/20190908_124528.jpg
./new_dataset/leaf_diseased/ld_56.jpg,../dataset/leaves/diseased/hiren/20190908_131936.jpg
./new_dataset/leaf_diseased/ld_57.jpg,../dataset/leaves/diseased/hiren/20190908_140122.jpg
./new_dataset/leaf_diseased/ld_58.jpg,../dataset/leaves/diseased/hiren/20190908_131841.jpg
./new_dataset/leaf_diseased/ld_59.jpg,../dataset/leaves/diseased/hiren/20190908_131738.jpg
./new_dataset/leaf_diseased/ld_60.jpg,../dataset/leaves/diseased/hiren/20190908_134303.jpg
./new_dataset/leaf_diseased/ld_61.jpg,../dataset/leaves/diseased/hiren/20190908_135538.jpg
./new_dataset/leaf_diseased/ld_62.jpg,../dataset/leaves/diseased/hiren/20190908_124917.jpg
./new_dataset/leaf_diseased/ld_63.jpg,../dataset/leaves/diseased/hiren/20190908_125904.jpg
./new_dataset/leaf_diseased/ld_64.jpg,../dataset/leaves/diseased/hiren/20190908_135548.jpg
./new_dataset/leaf_diseased/ld_65.jpg,../dataset/leaves/diseased/hiren/20190908_140311.jpg
./new_dataset/leaf_diseased/ld_66.jpg,../dataset/leaves/diseased/hiren/20190908_130140.jpg
./new_dataset/leaf_diseased/ld_67.jpg,../dataset/leaves/diseased/hiren/20190908_124914.jpg
./new_dataset/leaf_diseased/ld_68.jpg,../dataset/leaves/diseased/hiren/20190908_124651.jpg
./new_dataset/leaf_diseased/ld_69.jpg,../dataset/leaves/diseased/hiren/20190908_140558.jpg
./new_dataset/leaf_diseased/ld_70.jpg,../dataset/leaves/diseased/hiren/20190908_140232.jpg
./new_dataset/leaf_diseased/ld_71.jpg,../dataset/leaves/diseased/hiren/20190908_135410.jpg
./new_dataset/leaf_diseased/ld_72.jpg,../dataset/leaves/diseased/hiren/20190908_135754.jpg
./new_dataset/leaf_diseased/ld_73.jpg,../dataset/leaves/diseased/hiren/20190908_131906.jpg
./new_dataset/leaf_diseased/ld_74.jpg,../dataset/leaves/diseased/hiren/20190908_124450.jpg
./new_dataset/leaf_diseased/ld_75.jpg,../dataset/leaves/diseased/hiren/20190908_133823.jpg
./new_dataset/leaf_diseased/ld_76.jpg,../dataset/leaves/diseased/hiren/20190908_124852.jpg
./new_dataset/leaf_diseased/ld_77.jpg,../dataset/leaves/diseased/hiren/20190908_134030.jpg
./new_dataset/leaf_diseased/ld_78.jpg,../dataset/leaves/diseased/hiren/20190908_132222.jpg
./new_dataset/leaf_diseased/ld_79.jpg,../dataset/leaves/diseased/hiren/20190908_134503.jpg
./new_dataset/leaf_diseased/ld_80.jpg,../dataset/leaves/diseased/hiren/20190908_131536.jpg
./new_dataset/leaf_diseased/ld_81.jpg,../dataset/leaves/diseased/hiren/20190908_125448.jpg
./new_dataset/leaf_diseased/ld_82.jpg,../dataset/leaves/diseased/hiren/20190908_132539.jpg
./new_dataset/leaf_diseased/ld_83.jpg,../dataset/leaves/diseased/hiren/20190908_135640.jpg
./new_dataset/leaf_diseased/ld_84.jpg,../dataset/leaves/diseased/hiren/20190908_140033.jpg
./new_dataset/leaf_diseased/ld_85.jpg,../dataset/leaves/diseased/hiren/20190908_140033.jpg
./new_dataset/leaf_diseased/ld_86.jpg,../dataset/leaves/diseased/hiren/20190908_125318.jpg
./new_dataset/leaf_diseased/ld_87.jpg,../dataset/leaves/diseased/hiren/20190908_132735.jpg
./new_dataset/leaf_diseased/ld_88.jpg,../dataset/leaves/diseased/hiren/20190908_124541.jpg
./new_dataset/leaf_diseased/ld_89.jpg,../dataset/leaves/diseased/hiren/20190908_125226.jpg
./new_dataset/leaf_diseased/ld_90.jpg,../dataset/leaves/diseased/hiren/20190908_132042.jpg
./new_dataset/leaf_diseased/ld_91.jpg,../dataset/leaves/diseased/hiren/20190908_135808.jpg
./new_dataset/leaf_diseased/ld_92.jpg,../dataset/leaves/diseased/hiren/20190908_135808.jpg
./new_dataset/leaf_diseased/ld_93.jpg,../dataset/leaves/diseased/hiren/20190908_130056.jpg
./new_dataset/leaf_diseased/ld_94.jpg,../dataset/leaves/diseased/hiren/20190908_125551.jpg
./new_dataset/leaf_diseased/ld_95.jpg,../dataset/leaves/diseased/hiren/20190908_124604.jpg
./new_dataset/leaf_diseased/ld_96.jpg,../dataset/leaves/diseased/hiren/20190908_130001.jpg
./new_dataset/leaf_diseased/ld_97.jpg,../dataset/leaves/diseased/manan/20190908_121329.jpg
./new_dataset/leaf_diseased/ld_98.jpg,../dataset/leaves/diseased/manan/20190908_121622.jpg
./new_dataset/leaf_diseased/ld_99.jpg,../dataset/leaves/diseased/manan/20190908_113926.jpg
./new_dataset/leaf_diseased/ld_100.jpg,../dataset/leaves/diseased/manan/20190908_113722.jpg
./new_dataset/leaf_diseased/ld_101.jpg,../dataset/leaves/diseased/manan/20190908_120329.jpg
./new_dataset/leaf_diseased/ld_102.jpg,../dataset/leaves/diseased/manan/20190908_120741.jpg
./new_dataset/leaf_diseased/ld_103.jpg,../dataset/leaves/diseased/manan/20190908_115820.jpg
./new_dataset/leaf_diseased/ld_104.jpg,../dataset/leaves/diseased/manan/20190908_112930.jpg
./new_dataset/leaf_diseased/ld_105.jpg,../dataset/leaves/diseased/manan/20190908_112930.jpg
./new_dataset/leaf_diseased/ld_106.jpg,../dataset/leaves/diseased/manan/20190908_121939.jpg
./new_dataset/leaf_diseased/ld_107.jpg,../dataset/leaves/diseased/manan/20190908_115918.jpg
./new_dataset/leaf_diseased/ld_108.jpg,../dataset/leaves/diseased/manan/20190908_121920.jpg
./new_dataset/leaf_diseased/ld_109.jpg,../dataset/leaves/diseased/manan/20190908_115735.jpg
./new_dataset/leaf_diseased/ld_110.jpg,../dataset/leaves/diseased/manan/20190908_114949.jpg
./new_dataset/leaf_diseased/ld_111.jpg,../dataset/leaves/diseased/manan/20190908_115559.jpg
./new_dataset/leaf_diseased/ld_112.jpg,../dataset/leaves/diseased/manan/20190908_113938.jpg
./new_dataset/leaf_diseased/ld_113.jpg,../dataset/leaves/diseased/manan/20190908_115712.jpg
./new_dataset/leaf_diseased/ld_114.jpg,../dataset/leaves/diseased/manan/20190908_112322.jpg
./new_dataset/leaf_diseased/ld_115.jpg,../dataset/leaves/diseased/manan/20190908_121936.jpg
./new_dataset/leaf_diseased/ld_116.jpg,../dataset/leaves/diseased/manan/20190908_115009.jpg
./new_dataset/leaf_diseased/ld_117.jpg,../dataset/leaves/diseased/manan/20190908_113703.jpg
./new_dataset/leaf_diseased/ld_118.jpg,../dataset/leaves/diseased/manan/20190908_115745.jpg
./new_dataset/leaf_diseased/ld_119.jpg,../dataset/leaves/diseased/manan/20190908_114508.jpg
./new_dataset/leaf_diseased/ld_120.jpg,../dataset/leaves/diseased/manan/20190908_121421.jpg
./new_dataset/leaf_diseased/ld_121.jpg,../dataset/leaves/diseased/manan/20190908_115733.jpg
./new_dataset/leaf_diseased/ld_122.jpg,../dataset/leaves/diseased/manan/20190908_112913.jpg
./new_dataset/leaf_diseased/ld_123.jpg,../dataset/leaves/diseased/manan/20190908_112549.jpg
./new_dataset/leaf_diseased/ld_124.jpg,../dataset/leaves/diseased/manan/20190908_120252.jpg
./new_dataset/leaf_diseased/ld_125.jpg,../dataset/leaves/diseased/manan/20190908_113825.jpg
./new_dataset/leaf_diseased/ld_126.jpg,../dataset/leaves/diseased/manan/20190908_121953.jpg
./new_dataset/leaf_diseased/ld_127.jpg,../dataset/leaves/diseased/manan/20190908_120454.jpg
./new_dataset/leaf_diseased/ld_128.jpg,../dataset/leaves/diseased/manan/20190908_121922.jpg
./new_dataset/leaf_diseased/ld_129.jpg,../dataset/leaves/diseased/manan/20190908_113934.jpg
./new_dataset/leaf_diseased/ld_130.jpg,../dataset/leaves/diseased/manan/20190908_114854.jpg
./new_dataset/leaf_diseased/ld_131.jpg,../dataset/leaves/diseased/manan/20190908_121401.jpg
./new_dataset/leaf_diseased/ld_132.jpg,../dataset/leaves/diseased/manan/20190908_115855.jpg
./new_dataset/leaf_diseased/ld_133.jpg,../dataset/leaves/diseased/manan/20190908_120016.jpg
./new_dataset/leaf_diseased/ld_134.jpg,../dataset/leaves/diseased/manan/20190908_112942.jpg
./new_dataset/leaf_diseased/ld_135.jpg,../dataset/leaves/diseased/manan/20190908_113940.jpg
./new_dataset/leaf_diseased/ld_136.jpg,../dataset/leaves/diseased/manan/20190908_113940.jpg
./new_dataset/leaf_diseased/ld_137.jpg,../dataset/leaves/diseased/manan/20190908_112530.jpg
./new_dataset/leaf_diseased/ld_138.jpg,../dataset/leaves/diseased/manan/20190908_112345.jpg
./new_dataset/leaf_diseased/ld_139.jpg,../dataset/leaves/diseased/manan/20190908_121456.jpg
./new_dataset/leaf_diseased/ld_140.jpg,../dataset/leaves/diseased/manan/20190908_112653.jpg
./new_dataset/leaf_diseased/ld_141.jpg,../dataset/leaves/diseased/manan/20190908_115812.jpg
./new_dataset/leaf_diseased/ld_142.jpg,../dataset/leaves/diseased/manan/20190908_112732.jpg
./new_dataset/leaf_diseased/ld_143.jpg,../dataset/leaves/diseased/manan/20190908_121950.jpg
./new_dataset/leaf_diseased/ld_144.jpg,../dataset/leaves/diseased/manan/20190908_115805.jpg
./new_dataset/leaf_diseased/ld_145.jpg,../dataset/leaves/diseased/manan/20190908_121551.jpg
./new_dataset/leaf_diseased/ld_146.jpg,../dataset/leaves/diseased/manan/20190908_115748.jpg
./new_dataset/leaf_diseased/ld_147.jpg,../dataset/leaves/diseased/manan/20190908_120537.jpg
./new_dataset/leaf_diseased/ld_148.jpg,../dataset/leaves/diseased/manan/20190908_121945.jpg
./new_dataset/leaf_diseased/ld_149.jpg,../dataset/leaves/diseased/manan/20190908_114742.jpg
./new_dataset/leaf_diseased/ld_150.jpg,../dataset/leaves/diseased/manan/20190908_114742.jpg
./new_dataset/leaf_diseased/ld_151.jpg,../dataset/leaves/diseased/manan/20190908_115020.jpg
./new_dataset/leaf_diseased/ld_152.jpg,../dataset/leaves/diseased/manan/20190908_115827.jpg
./new_dataset/leaf_diseased/ld_153.jpg,../dataset/leaves/diseased/manan/20190908_120344.jpg
./new_dataset/leaf_diseased/ld_154.jpg,../dataset/leaves/diseased/manan/20190908_115921.jpg
./new_dataset/leaf_diseased/ld_155.jpg,../dataset/leaves/diseased/manan/20190908_115005.jpg
./new_dataset/leaf_diseased/ld_156.jpg,../dataset/leaves/diseased/manan/20190908_112655.jpg
./new_dataset/leaf_diseased/ld_157.jpg,../dataset/leaves/diseased/manan/20190908_114721.jpg
./new_dataset/leaf_diseased/ld_158.jpg,../dataset/leaves/diseased/manan/20190908_121611.jpg
./new_dataset/leaf_diseased/ld_159.jpg,../dataset/leaves/diseased/manan/20190908_114026.jpg
./new_dataset/leaf_diseased/ld_160.jpg,../dataset/leaves/diseased/manan/20190908_114740.jpg
./new_dataset/leaf_diseased/ld_161.jpg,../dataset/leaves/diseased/manan/20190908_113728.jpg
./new_dataset/leaf_diseased/ld_162.jpg,../dataset/leaves/diseased/manan/20190908_112531.jpg
./new_dataset/leaf_diseased/ld_163.jpg,../dataset/leaves/diseased/manan/20190908_121913.jpg
./new_dataset/leaf_diseased/ld_164.jpg,../dataset/leaves/diseased/manan/20190908_120333.jpg
./new_dataset/leaf_diseased/ld_165.jpg,../dataset/leaves/diseased/manan/20190908_114542.jpg
./new_dataset/leaf_diseased/ld_166.jpg,../dataset/leaves/diseased/manan/20190908_121542.jpg
./new_dataset/leaf_diseased/ld_167.jpg,../dataset/leaves/diseased/manan/20190908_115716.jpg
./new_dataset/leaf_diseased/ld_168.jpg,../dataset/leaves/diseased/manan/20190908_112937.jpg
./new_dataset/leaf_diseased/ld_169.jpg,../dataset/leaves/diseased/manan/20190908_114718.jpg
./new_dataset/leaf_diseased/ld_170.jpg,../dataset/leaves/diseased/manan/20190908_121602.jpg
./new_dataset/leaf_diseased/ld_171.jpg,../dataset/leaves/diseased/manan/20190908_114753.jpg
./new_dataset/leaf_diseased/ld_172.jpg,../dataset/leaves/diseased/manan/20190908_121017.jpg
./new_dataset/leaf_diseased/ld_173.jpg,../dataset/leaves/diseased/manan/20190908_115619.jpg
./new_dataset/leaf_diseased/ld_174.jpg,../dataset/leaves/diseased/manan/20190908_112729.jpg
./new_dataset/leaf_diseased/ld_175.jpg,../dataset/leaves/diseased/manan/20190908_115706.jpg
./new_dataset/leaf_diseased/ld_176.jpg,../dataset/leaves/diseased/manan/20190908_115603.jpg
./new_dataset/leaf_diseased/ld_177.jpg,../dataset/leaves/diseased/manan/20190908_121630.jpg
./new_dataset/leaf_diseased/ld_178.jpg,../dataset/leaves/diseased/manan/20190908_112320.jpg
./new_dataset/leaf_diseased/ld_179.jpg,../dataset/leaves/diseased/manan/20190908_115050.jpg
./new_dataset/leaf_diseased/ld_180.jpg,../dataset/leaves/diseased/manan/20190908_121608.jpg
./new_dataset/leaf_diseased/ld_181.jpg,../dataset/leaves/diseased/manan/20190908_121608.jpg
./new_dataset/leaf_diseased/ld_182.jpg,../dataset/leaves/diseased/manan/20190908_114040.jpg
./new_dataset/leaf_diseased/ld_183.jpg,../dataset/leaves/diseased/manan/20190908_115002.jpg
./new_dataset/leaf_diseased/ld_184.jpg,../dataset/leaves/diseased/manan/20190908_113823.jpg
./new_dataset/leaf_diseased/ld_185.jpg,../dataset/leaves/diseased/manan/20190908_115737.jpg
./new_dataset/leaf_diseased/ld_186.jpg,../dataset/leaves/diseased/manan/20190908_120501.jpg
./new_dataset/leaf_diseased/ld_187.jpg,../dataset/leaves/diseased/manan/20190908_112932.jpg
./new_dataset/leaf_diseased/ld_188.jpg,../dataset/leaves/diseased/manan/20190908_120531.jpg
./new_dataset/leaf_diseased/ld_189.jpg,../dataset/leaves/diseased/manan/20190908_120953.jpg
./new_dataset/leaf_diseased/ld_190.jpg,../dataset/leaves/diseased/manan/20190908_115043.jpg
./new_dataset/leaf_diseased/ld_191.jpg,../dataset/leaves/diseased/manan/20190908_120757.jpg
./new_dataset/leaf_diseased/ld_192.jpg,../dataset/leaves/diseased/manan/20190908_112920.jpg
./new_dataset/leaf_diseased/ld_193.jpg,../dataset/leaves/diseased/manan/20190908_121403.jpg
./new_dataset/leaf_diseased/ld_194.jpg,../dataset/leaves/diseased/manan/20190908_112829.jpg
./new_dataset/leaf_diseased/ld_195.jpg,../dataset/leaves/diseased/manan/20190908_120536.jpg
./new_dataset/leaf_diseased/ld_196.jpg,../dataset/leaves/diseased/manan/20190908_120536.jpg
./new_dataset/leaf_diseased/ld_197.jpg,../dataset/leaves/diseased/manan/20190908_120313.jpg
./new_dataset/leaf_diseased/ld_198.jpg,../dataset/leaves/diseased/manan/20190908_115749.jpg
./new_dataset/leaf_diseased/ld_199.jpg,../dataset/leaves/diseased/manan/20190908_120949.jpg
./new_dataset/leaf_diseased/ld_200.jpg,../dataset/leaves/diseased/manan/20190908_115017.jpg
./new_dataset/leaf_diseased/ld_201.jpg,../dataset/leaves/diseased/manan/20190908_120449.jpg
./new_dataset/leaf_diseased/ld_202.jpg,../dataset/leaves/diseased/manan/20190908_114730.jpg
./new_dataset/leaf_diseased/ld_203.jpg,../dataset/leaves/diseased/manan/20190908_120745.jpg
./new_dataset/leaf_diseased/ld_204.jpg,../dataset/leaves/diseased/manan/20190908_115833.jpg
./new_dataset/leaf_diseased/ld_205.jpg,../dataset/leaves/diseased/manan/20190908_115634.jpg
./new_dataset/leaf_diseased/ld_206.jpg,../dataset/leaves/diseased/manan/20190908_120519.jpg
./new_dataset/ear_healthy/eh_1.jpg,../dataset/ears/healthy/hiren/20190907_134327.jpg
./new_dataset/ear_healthy/eh_2.jpg,../dataset/ears/healthy/hiren/20190907_133823.jpg
./new_dataset/ear_healthy/eh_3.jpg,../dataset/ears/healthy/hiren/20190907_132654.jpg
./new_dataset/ear_healthy/eh_4.jpg,../dataset/ears/healthy/hiren/20190907_132641.jpg
./new_dataset/ear_healthy/eh_5.jpg,../dataset/ears/healthy/hiren/20190907_135819.jpg
./new_dataset/ear_healthy/eh_6.jpg,../dataset/ears/healthy/hiren/20190907_132035.jpg
./new_dataset/ear_healthy/eh_7.jpg,../dataset/ears/healthy/hiren/20190907_132412.jpg
./new_dataset/ear_healthy/eh_8.jpg,../dataset/ears/healthy/hiren/20190907_132705.jpg
./new_dataset/ear_healthy/eh_9.jpg,../dataset/ears/healthy/hiren/20190907_133556.jpg
./new_dataset/ear_healthy/eh_10.jpg,../dataset/ears/healthy/hiren/20190907_131712.jpg
./new_dataset/ear_healthy/eh_11.jpg,../dataset/ears/healthy/hiren/20190907_133617.jpg
./new_dataset/ear_healthy/eh_12.jpg,../dataset/ears/healthy/hiren/20190907_133013.jpg
./new_dataset/ear_healthy/eh_13.jpg,../dataset/ears/healthy/hiren/20190907_133451.jpg
./new_dataset/ear_healthy/eh_14.jpg,../dataset/ears/healthy/hiren/20190907_134318.jpg
./new_dataset/ear_healthy/eh_15.jpg,../dataset/ears/healthy/hiren/20190907_135615.jpg
./new_dataset/ear_healthy/eh_16.jpg,../dataset/ears/healthy/hiren/20190907_135736.jpg
./new_dataset/ear_healthy/eh_17.jpg,../dataset/ears/healthy/hiren/20190907_133527.jpg
./new_dataset/ear_healthy/eh_18.jpg,../dataset/ears/healthy/hiren/20190907_132548.jpg
./new_dataset/ear_healthy/eh_19.jpg,../dataset/ears/healthy/hiren/20190907_134231.jpg
./new_dataset/ear_healthy/eh_20.jpg,../dataset/ears/healthy/hiren/20190907_134403.jpg
./new_dataset/ear_healthy/eh_21.jpg,../dataset/ears/healthy/hiren/20190907_135253.jpg
./new_dataset/ear_healthy/eh_22.jpg,../dataset/ears/healthy/hiren/20190907_135148.jpg
./new_dataset/ear_healthy/eh_23.jpg,../dataset/ears/healthy/hiren/20190907_131913.jpg
./new_dataset/ear_healthy/eh_24.jpg,../dataset/ears/healthy/hiren/20190907_134303.jpg
./new_dataset/ear_healthy/eh_25.jpg,../dataset/ears/healthy/hiren/20190907_135541.jpg
./new_dataset/ear_healthy/eh_26.jpg,../dataset/ears/healthy/hiren/20190907_132223.jpg
./new_dataset/ear_healthy/eh_27.jpg,../dataset/ears/healthy/hiren/20190907_131814.jpg
./new_dataset/ear_healthy/eh_28.jpg,../dataset/ears/healthy/hiren/20190907_134136.jpg
./new_dataset/ear_healthy/eh_29.jpg,../dataset/ears/healthy/hiren/20190907_132206.jpg
./new_dataset/ear_healthy/eh_30.jpg,../dataset/ears/healthy/hiren/20190907_135702.jpg
./new_dataset/ear_healthy/eh_31.jpg,../dataset/ears/healthy/hiren/20190907_135702.jpg
./new_dataset/ear_healthy/eh_32.jpg,../dataset/ears/healthy/hiren/20190907_135319.jpg
./new_dataset/ear_healthy/eh_33.jpg,../dataset/ears/healthy/hiren/20190907_133644.jpg
./new_dataset/ear_healthy/eh_34.jpg,../dataset/ears/healthy/hiren/20190907_133655.jpg
./new_dataset/ear_healthy/eh_35.jpg,../dataset/ears/healthy/hiren/20190907_133434.jpg
./new_dataset/ear_healthy/eh_36.jpg,../dataset/ears/healthy/hiren/20190907_135601.jpg
./new_dataset/ear_healthy/eh_37.jpg,../dataset/ears/healthy/hiren/20190907_132358.jpg
./new_dataset/ear_healthy/eh_38.jpg,../dataset/ears/healthy/hiren/20190907_133916.jpg
./new_dataset/ear_healthy/eh_39.jpg,../dataset/ears/healthy/hiren/20190907_135246.jpg
./new_dataset/ear_healthy/eh_40.jpg,../dataset/ears/healthy/hiren/20190907_132517.jpg
./new_dataset/ear_healthy/eh_41.jpg,../dataset/ears/healthy/hiren/20190907_133025.jpg
./new_dataset/ear_healthy/eh_42.jpg,../dataset/ears/healthy/hiren/20190907_135631.jpg
./new_dataset/ear_healthy/eh_43.jpg,../dataset/ears/healthy/hiren/20190907_132308.jpg
./new_dataset/ear_healthy/eh_44.jpg,../dataset/ears/healthy/hiren/20190907_131633.jpg
./new_dataset/ear_healthy/eh_45.jpg,../dataset/ears/healthy/hiren/20190907_133049.jpg
./new_dataset/ear_healthy/eh_46.jpg,../dataset/ears/healthy/hiren/20190907_135803.jpg
./new_dataset/ear_healthy/eh_47.jpg,../dataset/ears/healthy/hiren/20190907_135826.jpg
./new_dataset/ear_healthy/eh_48.jpg,../dataset/ears/healthy/hiren/20190907_135812.jpg
./new_dataset/ear_healthy/eh_49.jpg,../dataset/ears/healthy/hiren/20190907_135143.jpg
./new_dataset/ear_healthy/eh_50.jpg,../dataset/ears/healthy/hiren/20190907_135416.jpg
./new_dataset/ear_healthy/eh_51.jpg,../dataset/ears/healthy/hiren/20190907_131729.jpg
./new_dataset/ear_healthy/eh_52.jpg,../dataset/ears/healthy/hiren/20190907_135407.jpg
./new_dataset/ear_healthy/eh_53.jpg,../dataset/ears/healthy/hiren/20190907_135209.jpg
./new_dataset/ear_healthy/eh_54.jpg,../dataset/ears/healthy/hiren/20190907_135425.jpg
./new_dataset/ear_healthy/eh_55.jpg,../dataset/ears/healthy/hiren/20190907_131925.jpg
./new_dataset/ear_healthy/eh_56.jpg,../dataset/ears/healthy/hiren/20190907_132327.jpg
./new_dataset/ear_healthy/eh_57.jpg,../dataset/ears/healthy/hiren/20190907_134031.jpg
./new_dataset/ear_healthy/eh_58.jpg,../dataset/ears/healthy/hiren/20190907_133848.jpg
./new_dataset/ear_healthy/eh_59.jpg,../dataset/ears/healthy/hiren/20190907_131750.jpg
./new_dataset/ear_healthy/eh_60.jpg,../dataset/ears/healthy/hiren/20190907_133139.jpg
./new_dataset/ear_healthy/eh_61.jpg,../dataset/ears/healthy/hiren/20190907_132939.jpg
./new_dataset/ear_healthy/eh_62.jpg,../dataset/ears/healthy/hiren/20190907_135518.jpg
./new_dataset/ear_healthy/eh_63.jpg,../dataset/ears/healthy/hiren/20190907_135300.jpg
./new_dataset/ear_healthy/eh_64.jpg,../dataset/ears/healthy/hiren/20190907_135300.jpg
./new_dataset/ear_healthy/eh_65.jpg,../dataset/ears/healthy/hiren/20190907_133605.jpg
./new_dataset/ear_healthy/eh_66.jpg,../dataset/ears/healthy/hiren/20190907_135212.jpg
./new_dataset/ear_healthy/eh_67.jpg,../dataset/ears/healthy/hiren/20190907_135212.jpg
./new_dataset/ear_healthy/eh_68.jpg,../dataset/ears/healthy/hiren/20190907_135102.jpg
./new_dataset/ear_healthy/eh_69.jpg,../dataset/ears/healthy/hiren/20190907_135102.jpg
./new_dataset/ear_healthy/eh_70.jpg,../dataset/ears/healthy/hiren/20190907_134351.jpg
./new_dataset/ear_healthy/eh_71.jpg,../dataset/ears/healthy/hiren/20190907_132906.jpg
./new_dataset/ear_healthy/eh_72.jpg,../dataset/ears/healthy/hiren/20190907_134119.jpg
./new_dataset/ear_healthy/eh_73.jpg,../dataset/ears/healthy/hiren/20190907_134149.jpg
./new_dataset/ear_healthy/eh_74.jpg,../dataset/ears/healthy/hiren/20190907_133748.jpg
./new_dataset/ear_healthy/eh_75.jpg,../dataset/ears/healthy/hiren/20190907_132254.jpg
./new_dataset/ear_healthy/eh_76.jpg,../dataset/ears/healthy/hiren/20190907_132115.jpg
./new_dataset/ear_healthy/eh_77.jpg,../dataset/ears/healthy/hiren/20190907_135313.jpg
./new_dataset/ear_healthy/eh_78.jpg,../dataset/ears/healthy/hiren/20190907_133342.jpg
./new_dataset/ear_healthy/eh_79.jpg,../dataset/ears/healthy/hiren/20190907_134111.jpg
./new_dataset/ear_healthy/eh_80.jpg,../dataset/ears/healthy/hiren/20190907_134255.jpg
./new_dataset/ear_healthy/eh_81.jpg,../dataset/ears/healthy/hiren/20190907_131828.jpg
./new_dataset/ear_healthy/eh_82.jpg,../dataset/ears/healthy/hiren/20190907_135326.jpg
./new_dataset/ear_healthy/eh_83.jpg,../dataset/ears/healthy/hiren/20190907_131856.jpg
./new_dataset/ear_healthy/eh_84.jpg,../dataset/ears/healthy/hiren/20190907_132618.jpg
./new_dataset/ear_healthy/eh_85.jpg,../dataset/ears/healthy/hiren/20190907_133755.jpg
./new_dataset/ear_healthy/eh_86.jpg,../dataset/ears/healthy/hiren/20190907_135220.jpg
./new_dataset/ear_healthy/eh_87.jpg,../dataset/ears/healthy/hiren/20190907_135350.jpg
./new_dataset/ear_healthy/eh_88.jpg,../dataset/ears/healthy/hiren/20190907_135546.jpg
./new_dataset/ear_healthy/eh_89.jpg,../dataset/ears/healthy/hiren/20190907_132836.jpg
./new_dataset/ear_healthy/eh_90.jpg,../dataset/ears/healthy/hiren/20190907_135637.jpg
./new_dataset/ear_healthy/eh_91.jpg,../dataset/ears/healthy/hiren/20190907_135528.jpg
./new_dataset/ear_healthy/eh_92.jpg,../dataset/ears/healthy/hiren/20190907_134308.jpg
./new_dataset/ear_healthy/eh_93.jpg,../dataset/ears/healthy/hiren/20190907_133354.jpg
./new_dataset/ear_healthy/eh_94.jpg,../dataset/ears/healthy/hiren/20190907_135155.jpg
./new_dataset/ear_healthy/eh_95.jpg,../dataset/ears/healthy/hiren/20190907_133110.jpg
./new_dataset/ear_healthy/eh_96.jpg,../dataset/ears/healthy/hiren/20190907_133806.jpg
./new_dataset/ear_healthy/eh_97.jpg,../dataset/ears/healthy/hiren/20190907_135234.jpg
./new_dataset/ear_healthy/eh_98.jpg,../dataset/ears/healthy/hiren/20190907_133130.jpg
./new_dataset/ear_healthy/eh_99.jpg,../dataset/ears/healthy/hiren/20190907_132022.jpg
./new_dataset/ear_healthy/eh_100.jpg,../dataset/ears/healthy/hiren/20190907_132048.jpg
./new_dataset/ear_healthy/eh_101.jpg,../dataset/ears/healthy/hiren/20190907_132100.jpg
./new_dataset/ear_healthy/eh_102.jpg,../dataset/ears/healthy/hiren/20190907_135241.jpg
./new_dataset/ear_healthy/eh_103.jpg,../dataset/ears/healthy/hiren/20190907_132341.jpg
./new_dataset/ear_healthy/eh_104.jpg,../dataset/ears/healthy/hiren/20190907_135341.jpg
./new_dataset/ear_healthy/eh_105.jpg,../dataset/ears/healthy/hiren/20190907_135651.jpg
./new_dataset/ear_healthy/eh_106.jpg,../dataset/ears/healthy/hiren/20190907_135307.jpg
./new_dataset/ear_healthy/eh_107.jpg,../dataset/ears/healthy/hiren/20190907_132006.jpg
./new_dataset/ear_healthy/eh_108.jpg,../dataset/ears/healthy/hiren/20190907_134219.jpg
./new_dataset/ear_healthy/eh_109.jpg,../dataset/ears/healthy/hiren/20190907_135050.jpg
./new_dataset/ear_healthy/eh_110.jpg,../dataset/ears/healthy/manan/20190907_133253.jpg
./new_dataset/ear_healthy/eh_111.jpg,../dataset/ears/healthy/manan/20190907_133912.jpg
./new_dataset/ear_healthy/eh_112.jpg,../dataset/ears/healthy/manan/20190907_131847.jpg
./new_dataset/ear_healthy/eh_113.jpg,../dataset/ears/healthy/manan/20190907_131718.jpg
./new_dataset/ear_healthy/eh_114.jpg,../dataset/ears/healthy/manan/20190907_133312.jpg
./new_dataset/ear_healthy/eh_115.jpg,../dataset/ears/healthy/manan/20190907_133418.jpg
./new_dataset/ear_healthy/eh_116.jpg,../dataset/ears/healthy/manan/20190907_132227.jpg
./new_dataset/ear_healthy/eh_117.jpg,../dataset/ears/healthy/manan/20190907_132143.jpg
./new_dataset/ear_healthy/eh_118.jpg,../dataset/ears/healthy/manan/20190907_132214.jpg
./new_dataset/ear_healthy/eh_119.jpg,../dataset/ears/healthy/manan/20190907_131532.jpg
./new_dataset/ear_healthy/eh_120.jpg,../dataset/ears/healthy/manan/20190907_134126.jpg
./new_dataset/ear_healthy/eh_121.jpg,../dataset/ears/healthy/manan/20190907_132934.jpg
./new_dataset/ear_healthy/eh_122.jpg,../dataset/ears/healthy/manan/20190907_134045.jpg
./new_dataset/ear_healthy/eh_123.jpg,../dataset/ears/healthy/manan/20190907_134045.jpg
./new_dataset/ear_healthy/eh_124.jpg,../dataset/ears/healthy/manan/20190907_131713.jpg
./new_dataset/ear_healthy/eh_125.jpg,../dataset/ears/healthy/manan/20190907_133013.jpg
./new_dataset/ear_healthy/eh_126.jpg,../dataset/ears/healthy/manan/20190907_133026.jpg
./new_dataset/ear_healthy/eh_127.jpg,../dataset/ears/healthy/manan/20190907_134159.jpg
./new_dataset/ear_healthy/eh_128.jpg,../dataset/ears/healthy/manan/20190907_133839.jpg
./new_dataset/ear_healthy/eh_129.jpg,../dataset/ears/healthy/manan/20190907_132536.jpg
./new_dataset/ear_healthy/eh_130.jpg,../dataset/ears/healthy/manan/20190907_132409.jpg
./new_dataset/ear_healthy/eh_131.jpg,../dataset/ears/healthy/manan/20190907_131900.jpg
./new_dataset/ear_healthy/eh_132.jpg,../dataset/ears/healthy/manan/20190907_133056.jpg
./new_dataset/ear_healthy/eh_133.jpg,../dataset/ears/healthy/manan/20190907_134238.jpg
./new_dataset/ear_healthy/eh_134.jpg,../dataset/ears/healthy/manan/20190907_133433.jpg
./new_dataset/ear_healthy/eh_135.jpg,../dataset/ears/healthy/manan/20190907_134137.jpg
./new_dataset/ear_healthy/eh_136.jpg,../dataset/ears/healthy/manan/20190907_132206.jpg
./new_dataset/ear_healthy/eh_137.jpg,../dataset/ears/healthy/manan/20190907_134154.jpg
./new_dataset/ear_healthy/eh_138.jpg,../dataset/ears/healthy/manan/20190907_132539.jpg
./new_dataset/ear_healthy/eh_139.jpg,../dataset/ears/healthy/manan/20190907_132706.jpg
./new_dataset/ear_healthy/eh_140.jpg,../dataset/ears/healthy/manan/20190907_133601.jpg
./new_dataset/ear_healthy/eh_141.jpg,../dataset/ears/healthy/manan/20190907_132803.jpg
./new_dataset/ear_healthy/eh_142.jpg,../dataset/ears/healthy/manan/20190907_133618.jpg
./new_dataset/ear_healthy/eh_143.jpg,../dataset/ears/healthy/manan/20190907_133303.jpg
./new_dataset/ear_healthy/eh_144.jpg,../dataset/ears/healthy/manan/20190907_133339.jpg
./new_dataset/ear_healthy/eh_145.jpg,../dataset/ears/healthy/manan/20190907_133255.jpg
./new_dataset/ear_healthy/eh_146.jpg,../dataset/ears/healthy/manan/20190907_133757.jpg
./new_dataset/ear_healthy/eh_147.jpg,../dataset/ears/healthy/manan/20190907_132308.jpg
./new_dataset/ear_healthy/eh_148.jpg,../dataset/ears/healthy/manan/20190907_134146.jpg
./new_dataset/ear_healthy/eh_149.jpg,../dataset/ears/healthy/manan/20190907_134055.jpg
./new_dataset/ear_healthy/eh_150.jpg,../dataset/ears/healthy/manan/20190907_132806.jpg
./new_dataset/ear_healthy/eh_151.jpg,../dataset/ears/healthy/manan/20190907_132357.jpg
./new_dataset/ear_healthy/eh_152.jpg,../dataset/ears/healthy/manan/20190907_131812.jpg
./new_dataset/ear_healthy/eh_153.jpg,../dataset/ears/healthy/manan/20190907_133810.jpg
./new_dataset/ear_healthy/eh_154.jpg,../dataset/ears/healthy/manan/20190907_133054.jpg
./new_dataset/ear_healthy/eh_155.jpg,../dataset/ears/healthy/manan/20190907_133902.jpg
./new_dataset/ear_healthy/eh_156.jpg,../dataset/ears/healthy/manan/20190907_133425.jpg
./new_dataset/ear_healthy/eh_157.jpg,../dataset/ears/healthy/manan/20190907_131629.jpg
./new_dataset/ear_healthy/eh_158.jpg,../dataset/ears/healthy/manan/20190907_134229.jpg
./new_dataset/ear_healthy/eh_159.jpg,../dataset/ears/healthy/manan/20190907_132720.jpg
./new_dataset/ear_healthy/eh_160.jpg,../dataset/ears/healthy/manan/20190907_133822.jpg
./new_dataset/ear_healthy/eh_161.jpg,../dataset/ears/healthy/manan/20190907_133802.jpg
./new_dataset/ear_healthy/eh_162.jpg,../dataset/ears/healthy/manan/20190907_133446.jpg
./new_dataset/ear_healthy/eh_163.jpg,../dataset/ears/healthy/manan/20190907_132258.jpg
./new_dataset/ear_healthy/eh_164.jpg,../dataset/ears/healthy/manan/20190907_133947.jpg
./new_dataset/ear_healthy/eh_165.jpg,../dataset/ears/healthy/manan/20190907_132440.jpg
./new_dataset/ear_healthy/eh_166.jpg,../dataset/ears/healthy/manan/20190907_132118.jpg
./new_dataset/ear_healthy/eh_167.jpg,../dataset/ears/healthy/manan/20190907_133020.jpg
./new_dataset/ear_healthy/eh_168.jpg,../dataset/ears/healthy/manan/20190907_131843.jpg
./new_dataset/ear_healthy/eh_169.jpg,../dataset/ears/healthy/manan/20190907_133543.jpg
./new_dataset/ear_healthy/eh_170.jpg,../dataset/ears/healthy/manan/20190907_132956.jpg
./new_dataset/ear_healthy/eh_171.jpg,../dataset/ears/healthy/manan/20190907_133033.jpg
./new_dataset/ear_healthy/eh_172.jpg,../dataset/ears/healthy/manan/20190907_133043.jpg
./new_dataset/ear_healthy/eh_173.jpg,../dataset/ears/healthy/manan/20190907_133631.jpg
./new_dataset/ear_healthy/eh_174.jpg,../dataset/ears/healthy/manan/20190907_132746.jpg
./new_dataset/ear_healthy/eh_175.jpg,../dataset/ears/healthy/manan/20190907_132257.jpg
./new_dataset/ear_healthy/eh_176.jpg,../dataset/ears/healthy/manan/20190907_133623.jpg
./new_dataset/ear_healthy/eh_177.jpg,../dataset/ears/healthy/manan/20190907_131720.jpg
./new_dataset/ear_healthy/eh_178.jpg,../dataset/ears/healthy/manan/20190907_134217.jpg
./new_dataset/ear_healthy/eh_179.jpg,../dataset/ears/healthy/manan/20190907_132633.jpg
./new_dataset/ear_healthy/eh_180.jpg,../dataset/ears/healthy/manan/20190907_131745.jpg
./new_dataset/ear_healthy/eh_181.jpg,../dataset/ears/healthy/manan/20190907_131828.jpg
./new_dataset/ear_healthy/eh_182.jpg,../dataset/ears/healthy/manan/20190907_132249.jpg
./new_dataset/ear_healthy/eh_183.jpg,../dataset/ears/healthy/manan/20190907_132635.jpg
./new_dataset/ear_healthy/eh_184.jpg,../dataset/ears/healthy/manan/20190907_132406.jpg
./new_dataset/ear_healthy/eh_185.jpg,../dataset/ears/healthy/manan/20190907_133037.jpg
./new_dataset/ear_healthy/eh_186.jpg,../dataset/ears/healthy/manan/20190907_133444.jpg
./new_dataset/ear_healthy/eh_187.jpg,../dataset/ears/healthy/manan/20190907_132230.jpg
./new_dataset/ear_healthy/eh_188.jpg,../dataset/ears/healthy/manan/20190907_131924.jpg
./new_dataset/ear_healthy/eh_189.jpg,../dataset/ears/healthy/manan/20190907_132938.jpg
./new_dataset/ear_healthy/eh_190.jpg,../dataset/ears/healthy/manan/20190907_133403.jpg
./new_dataset/ear_healthy/eh_191.jpg,../dataset/ears/healthy/manan/20190907_132429.jpg
./new_dataset/ear_healthy/eh_192.jpg,../dataset/ears/healthy/manan/20190907_134030.jpg
./new_dataset/ear_healthy/eh_193.jpg,../dataset/ears/healthy/manan/20190907_133550.jpg
./new_dataset/ear_healthy/eh_194.jpg,../dataset/ears/healthy/manan/20190907_131849.jpg
./new_dataset/ear_healthy/eh_195.jpg,../dataset/ears/healthy/manan/20190907_132431.jpg
./new_dataset/ear_healthy/eh_196.jpg,../dataset/ears/healthy/manan/20190907_132554.jpg
./new_dataset/ear_healthy/eh_197.jpg,../dataset/ears/healthy/manan/20190907_132052.jpg
./new_dataset/ear_healthy/eh_198.jpg,../dataset/ears/healthy/manan/20190907_133517.jpg
./new_dataset/ear_healthy/eh_199.jpg,../dataset/ears/healthy/manan/20190907_132952.jpg
./new_dataset/ear_healthy/eh_200.jpg,../dataset/ears/healthy/manan/20190907_133524.jpg
./new_dataset/ear_healthy/eh_201.jpg,../dataset/ears/healthy/manan/20190907_132036.jpg
./new_dataset/ear_healthy/eh_202.jpg,../dataset/ears/healthy/manan/20190907_133052.jpg
./new_dataset/ear_healthy/eh_203.jpg,../dataset/ears/healthy/manan/20190907_131544.jpg
./new_dataset/ear_healthy/eh_204.jpg,../dataset/ears/healthy/manan/20190907_134049.jpg
./new_dataset/ear_healthy/eh_205.jpg,../dataset/ears/healthy/manan/20190907_131905.jpg
./new_dataset/ear_healthy/eh_206.jpg,../dataset/ears/healthy/manan/20190907_132252.jpg
./new_dataset/ear_healthy/eh_207.jpg,../dataset/ears/healthy/manan/20190907_134034.jpg
./new_dataset/ear_healthy/eh_208.jpg,../dataset/ears/healthy/manan/20190907_134038.jpg
./new_dataset/ear_healthy/eh_209.jpg,../dataset/ears/healthy/manan/20190907_133336.jpg
./new_dataset/ear_healthy/eh_210.jpg,../dataset/ears/healthy/manan/20190907_131447.jpg
./new_dataset/ear_healthy/eh_211.jpg,../dataset/ears/healthy/manan/20190907_131915.jpg
./new_dataset/ear_diseased/ed_1.jpg,../dataset/ears/diseased/hiren/20190908_114959.jpg
./new_dataset/ear_diseased/ed_2.jpg,../dataset/ears/diseased/hiren/20190908_115614.jpg
./new_dataset/ear_diseased/ed_3.jpg,../dataset/ears/diseased/hiren/20190908_120208.jpg
./new_dataset/ear_diseased/ed_4.jpg,../dataset/ears/diseased/hiren/20190908_121101.jpg
./new_dataset/ear_diseased/ed_5.jpg,../dataset/ears/diseased/hiren/20190908_120316.jpg
./new_dataset/ear_diseased/ed_6.jpg,../dataset/ears/diseased/hiren/20190908_114441.jpg
./new_dataset/ear_diseased/ed_7.jpg,../dataset/ears/diseased/hiren/20190908_121442.jpg
./new_dataset/ear_diseased/ed_8.jpg,../dataset/ears/diseased/hiren/20190908_115531.jpg
./new_dataset/ear_diseased/ed_9.jpg,../dataset/ears/diseased/hiren/20190908_115540.jpg
./new_dataset/ear_diseased/ed_10.jpg,../dataset/ears/diseased/hiren/20190908_115133.jpg
./new_dataset/ear_diseased/ed_11.jpg,../dataset/ears/diseased/hiren/20190908_115942.jpg
./new_dataset/ear_diseased/ed_12.jpg,../dataset/ears/diseased/hiren/20190908_121031.jpg
./new_dataset/ear_diseased/ed_13.jpg,../dataset/ears/diseased/hiren/20190908_120752.jpg
./new_dataset/ear_diseased/ed_14.jpg,../dataset/ears/diseased/hiren/20190908_114602.jpg
./new_dataset/ear_diseased/ed_15.jpg,../dataset/ears/diseased/hiren/20190908_120851.jpg
./new_dataset/ear_diseased/ed_16.jpg,../dataset/ears/diseased/hiren/20190908_121011.jpg
./new_dataset/ear_diseased/ed_17.jpg,../dataset/ears/diseased/hiren/20190908_115744.jpg
./new_dataset/ear_diseased/ed_18.jpg,../dataset/ears/diseased/hiren/20190908_115331.jpg
./new_dataset/ear_diseased/ed_19.jpg,../dataset/ears/diseased/hiren/20190908_115106.jpg
./new_dataset/ear_diseased/ed_20.jpg,../dataset/ears/diseased/hiren/20190908_121258.jpg
./new_dataset/ear_diseased/ed_21.jpg,../dataset/ears/diseased/hiren/20190908_120339.jpg
./new_dataset/ear_diseased/ed_22.jpg,../dataset/ears/diseased/hiren/20190908_115416.jpg
./new_dataset/ear_diseased/ed_23.jpg,../dataset/ears/diseased/hiren/20190908_120551.jpg
./new_dataset/ear_diseased/ed_24.jpg,../dataset/ears/diseased/hiren/20190908_115827.jpg
./new_dataset/ear_diseased/ed_25.jpg,../dataset/ears/diseased/hiren/20190908_114902.jpg
./new_dataset/ear_diseased/ed_26.jpg,../dataset/ears/diseased/hiren/20190908_114621.jpg
./new_dataset/ear_diseased/ed_27.jpg,../dataset/ears/diseased/hiren/20190908_120912.jpg
./new_dataset/ear_diseased/ed_28.jpg,../dataset/ears/diseased/hiren/20190908_120249.jpg
./new_dataset/ear_diseased/ed_29.jpg,../dataset/ears/diseased/hiren/20190908_115840.jpg
./new_dataset/ear_diseased/ed_30.jpg,../dataset/ears/diseased/hiren/20190908_115501.jpg
./new_dataset/ear_diseased/ed_31.jpg,../dataset/ears/diseased/hiren/20190908_121346.jpg
./new_dataset/ear_diseased/ed_32.jpg,../dataset/ears/diseased/hiren/20190908_121228.jpg
./new_dataset/ear_diseased/ed_33.jpg,../dataset/ears/diseased/hiren/20190908_115202.jpg
./new_dataset/ear_diseased/ed_34.jpg,../dataset/ears/diseased/hiren/20190908_120004.jpg
./new_dataset/ear_diseased/ed_35.jpg,../dataset/ears/diseased/hiren/20190908_115905.jpg
./new_dataset/ear_diseased/ed_36.jpg,../dataset/ears/diseased/hiren/20190908_121244.jpg
./new_dataset/ear_diseased/ed_37.jpg,../dataset/ears/diseased/hiren/20190908_115705.jpg
./new_dataset/ear_diseased/ed_38.jpg,../dataset/ears/diseased/hiren/20190908_120953.jpg
./new_dataset/ear_diseased/ed_39.jpg,../dataset/ears/diseased/hiren/20190908_120410.jpg
./new_dataset/ear_diseased/ed_40.jpg,../dataset/ears/diseased/hiren/20190908_120833.jpg
./new_dataset/ear_diseased/ed_41.jpg,../dataset/ears/diseased/hiren/20190908_115426.jpg
./new_dataset/ear_diseased/ed_42.jpg,../dataset/ears/diseased/hiren/20190908_120500.jpg
./new_dataset/ear_diseased/ed_43.jpg,../dataset/ears/diseased/hiren/20190908_114820.jpg
./new_dataset/ear_diseased/ed_44.jpg,../dataset/ears/diseased/hiren/20190908_120426.jpg
./new_dataset/ear_diseased/ed_45.jpg,../dataset/ears/diseased/hiren/20190908_121204.jpg
./new_dataset/ear_diseased/ed_46.jpg,../dataset/ears/diseased/hiren/20190908_120519.jpg
./new_dataset/ear_diseased/ed_47.jpg,../dataset/ears/diseased/manan/20190908_105116.jpg
./new_dataset/ear_diseased/ed_48.jpg,../dataset/ears/diseased/manan/20190908_110426.jpg
./new_dataset/ear_diseased/ed_49.jpg,../dataset/ears/diseased/manan/20190908_110055.jpg
./new_dataset/ear_diseased/ed_50.jpg,../dataset/ears/diseased/manan/20190908_105636.jpg
./new_dataset/ear_diseased/ed_51.jpg,../dataset/ears/diseased/manan/20190908_105422.jpg
./new_dataset/ear_diseased/ed_52.jpg,../dataset/ears/diseased/manan/20190908_111754.jpg
./new_dataset/ear_diseased/ed_53.jpg,../dataset/ears/diseased/manan/20190908_105514.jpg
./new_dataset/ear_diseased/ed_54.jpg,../dataset/ears/diseased/manan/20190908_111759.jpg
./new_dataset/ear_diseased/ed_55.jpg,../dataset/ears/diseased/manan/20190908_105830.jpg
./new_dataset/ear_diseased/ed_56.jpg,../dataset/ears/diseased/manan/20190908_105416.jpg
./new_dataset/ear_diseased/ed_57.jpg,../dataset/ears/diseased/manan/20190908_110743.jpg
./new_dataset/ear_diseased/ed_58.jpg,../dataset/ears/diseased/manan/20190908_105410.jpg
./new_dataset/ear_diseased/ed_59.jpg,../dataset/ears/diseased/manan/20190908_105503.jpg
./new_dataset/ear_diseased/ed_60.jpg,../dataset/ears/diseased/manan/20190908_105419.jpg
./new_dataset/ear_diseased/ed_61.jpg,../dataset/ears/diseased/manan/20190908_105235.jpg
./new_dataset/ear_diseased/ed_62.jpg,../dataset/ears/diseased/manan/20190908_110304.jpg
./new_dataset/ear_diseased/ed_63.jpg,../dataset/ears/diseased/manan/20190908_104415(0).jpg
./new_dataset/ear_diseased/ed_64.jpg,../dataset/ears/diseased/manan/20190908_111635.jpg
./new_dataset/ear_diseased/ed_65.jpg,../dataset/ears/diseased/manan/20190908_104237.jpg
./new_dataset/ear_diseased/ed_66.jpg,../dataset/ears/diseased/manan/20190908_105949.jpg
./new_dataset/ear_diseased/ed_67.jpg,../dataset/ears/diseased/manan/20190908_111637.jpg
./new_dataset/ear_diseased/ed_68.jpg,../dataset/ears/diseased/manan/20190908_105359.jpg
./new_dataset/ear_diseased/ed_69.jpg,../dataset/ears/diseased/manan/20190908_110412.jpg
./new_dataset/ear_diseased/ed_70.jpg,../dataset/ears/diseased/manan/20190908_105234.jpg
./new_dataset/ear_diseased/ed_71.jpg,../dataset/ears/diseased/manan/20190908_105513.jpg
./new_dataset/ear_diseased/ed_72.jpg,../dataset/ears/diseased/manan/20190908_110057.jpg
./new_dataset/ear_diseased/ed_73.jpg,../dataset/ears/diseased/manan/20190908_110532.jpg
./new_dataset/ear_diseased/ed_74.jpg,../dataset/ears/diseased/manan/20190908_111605.jpg
./new_dataset/ear_diseased/ed_75.jpg,../dataset/ears/diseased/manan/20190908_105822.jpg
./new_dataset/ear_diseased/ed_76.jpg,../dataset/ears/diseased/manan/20190908_104247.jpg
./new_dataset/ear_diseased/ed_77.jpg,../dataset/ears/diseased/manan/20190908_110742.jpg
./new_dataset/ear_diseased/ed_78.jpg,../dataset/ears/diseased/manan/20190908_105201.jpg
./new_dataset/ear_diseased/ed_79.jpg,../dataset/ears/diseased/manan/20190908_105203.jpg
./new_dataset/ear_diseased/ed_80.jpg,../dataset/ears/diseased/manan/20190908_104415.jpg
./new_dataset/ear_diseased/ed_81.jpg,../dataset/ears/diseased/manan/20190908_110419.jpg
./new_dataset/ear_diseased/ed_82.jpg,../dataset/ears/diseased/manan/20190908_110107.jpg
./new_dataset/ear_diseased/ed_83.jpg,../dataset/ears/diseased/manan/20190908_105152.jpg
./new_dataset/ear_diseased/ed_84.jpg,../dataset/ears/diseased/manan/20190908_110406.jpg
./new_dataset/ear_diseased/ed_85.jpg,../dataset/ears/diseased/manan/20190908_104405.jpg
./new_dataset/ear_diseased/ed_86.jpg,../dataset/ears/diseased/manan/20190908_104555_001.jpg
./new_dataset/ear_diseased/ed_87.jpg,../dataset/ears/diseased/manan/20190908_110115.jpg
./new_dataset/ear_diseased/ed_88.jpg,../dataset/ears/diseased/manan/20190908_105629.jpg
./new_dataset/ear_diseased/ed_89.jpg,../dataset/ears/diseased/manan/20190908_111604.jpg
./new_dataset/ear_diseased/ed_90.jpg,../dataset/ears/diseased/manan/20190908_111647.jpg
./new_dataset/ear_diseased/ed_91.jpg,../dataset/ears/diseased/manan/20190908_104409.jpg
./new_dataset/ear_diseased/ed_92.jpg,../dataset/ears/diseased/manan/20190908_104833.jpg
./new_dataset/ear_diseased/ed_93.jpg,../dataset/ears/diseased/manan/20190908_104824.jpg
./new_dataset/ear_diseased/ed_94.jpg,../dataset/ears/diseased/manan/20190908_111728.jpg
./new_dataset/ear_diseased/ed_95.jpg,../dataset/ears/diseased/manan/20190908_105946.jpg
./new_dataset/ear_diseased/ed_96.jpg,../dataset/ears/diseased/manan/20190908_105111.jpg
./new_dataset/ear_diseased/ed_97.jpg,../dataset/ears/diseased/manan/20190908_110125.jpg
./new_dataset/ear_diseased/ed_98.jpg,../dataset/ears/diseased/manan/20190908_110404.jpg
./new_dataset/ear_diseased/ed_99.jpg,../dataset/ears/diseased/manan/20190908_111724.jpg
./new_dataset/ear_diseased/ed_100.jpg,../dataset/ears/diseased/manan/20190908_105242.jpg
./new_dataset/ear_diseased/ed_101.jpg,../dataset/ears/diseased/manan/20190908_105540.jpg
./new_dataset/ear_diseased/ed_102.jpg,../dataset/ears/diseased/manan/20190908_105357.jpg
./new_dataset/ear_diseased/ed_103.jpg,../dataset/ears/diseased/manan/20190908_104606.jpg
./new_dataset/ear_diseased/ed_104.jpg,../dataset/ears/diseased/manan/20190908_110112.jpg
./new_dataset/ear_diseased/ed_105.jpg,../dataset/ears/diseased/manan/20190908_110402.jpg
./new_dataset/ear_diseased/ed_106.jpg,../dataset/ears/diseased/manan/20190908_104608.jpg
./new_dataset/ear_diseased/ed_107.jpg,../dataset/ears/diseased/manan/20190908_110429.jpg
./new_dataset/ear_diseased/ed_108.jpg,../dataset/ears/diseased/manan/20190908_105151.jpg
./new_dataset/ear_diseased/ed_109.jpg,../dataset/ears/diseased/manan/20190908_105414.jpg
./new_dataset/ear_diseased/ed_110.jpg,../dataset/ears/diseased/manan/20190908_110530.jpg
